session,index,time,stimulus_name,condition_name,response,correct,rt,reward,max_wait
1,1,2017-04-13 12:08:33.141877,/home/fet/stimuli/shaping_categories_box5/nonreward/AG_Stim_12.wav,Unrewarded,False,False,nan,False,6.0
1,2,2017-04-13 12:09:40.121890,/home/fet/stimuli/shaping_categories_box5/nonreward/AG_Stim_11.wav,Unrewarded,False,False,nan,False,6.0
1,3,2017-04-13 12:20:47.598635,/home/fet/stimuli/shaping_categories_box5/nonreward/AG_Stim_11.wav,Unrewarded,True,True,0:00:00.287725,False,6.0
1,4,2017-04-13 12:20:47.890675,/home/fet/stimuli/shaping_categories_box5/nonreward/AG_Stim_12.wav,Unrewarded,False,False,nan,False,6.0
1,5,2017-04-13 12:21:10.928996,/home/fet/stimuli/shaping_categories_box5/nonreward/AG_Stim_12.wav,Unrewarded,True,True,0:00:00.161912,False,6.0
1,6,2017-04-13 12:21:11.094281,/home/fet/stimuli/shaping_categories_box5/nonreward/AG_Stim_11.wav,Unrewarded,True,True,0:00:00.373075,False,6.0
1,7,2017-04-13 12:21:11.471026,/home/fet/stimuli/shaping_categories_box5/nonreward/AG_Stim_11.wav,Unrewarded,True,True,0:00:00.107181,False,6.0
1,8,2017-04-13 12:21:11.581553,/home/fet/stimuli/shaping_categories_box5/nonreward/AG_Stim_12.wav,Unrewarded,True,True,0:00:00.140665,False,6.0
1,9,2017-04-13 12:21:11.725898,/home/fet/stimuli/shaping_categories_box5/nonreward/AG_Stim_12.wav,Unrewarded,False,False,nan,False,6.0
1,10,2017-04-13 12:21:20.427539,/home/fet/stimuli/shaping_categories_box5/nonreward/AG_Stim_11.wav,Unrewarded,True,True,0:00:00.132641,False,6.0
1,11,2017-04-13 12:21:20.563890,/home/fet/stimuli/shaping_categories_box5/nonreward/AG_Stim_11.wav,Unrewarded,True,True,0:00:00.152202,False,6.0
1,12,2017-04-13 12:21:20.722278,/home/fet/stimuli/shaping_categories_box5/nonreward/AG_Stim_12.wav,Unrewarded,False,False,nan,False,6.0
1,13,2017-04-13 12:21:46.268822,/home/fet/stimuli/shaping_categories_box5/nonreward/AG_Stim_12.wav,Unrewarded,False,False,nan,False,6.0
1,14,2017-04-13 12:22:18.434398,/home/fet/stimuli/shaping_categories_box5/nonreward/AG_Stim_11.wav,Unrewarded,False,False,nan,False,6.0
1,15,2017-04-13 12:22:34.392280,/home/fet/stimuli/shaping_categories_box5/nonreward/AG_Stim_12.wav,Unrewarded,True,True,0:00:00.121088,False,6.0
1,16,2017-04-13 12:22:34.517590,/home/fet/stimuli/shaping_categories_box5/nonreward/AG_Stim_11.wav,Unrewarded,False,False,nan,False,6.0
1,17,2017-04-13 12:23:13.036969,/home/fet/stimuli/shaping_categories_box5/nonreward/AG_Stim_11.wav,Unrewarded,False,False,nan,False,6.0
1,18,2017-04-13 12:23:24.143885,/home/fet/stimuli/shaping_categories_box5/nonreward/AG_Stim_12.wav,Unrewarded,False,False,nan,False,6.0
1,19,2017-04-13 12:24:07.998597,/home/fet/stimuli/shaping_categories_box5/nonreward/AG_Stim_12.wav,Unrewarded,True,True,0:00:01.415308,False,6.0
1,20,2017-04-13 12:24:09.417269,/home/fet/stimuli/shaping_categories_box5/nonreward/AG_Stim_11.wav,Unrewarded,False,False,nan,False,6.0
1,21,2017-04-13 12:26:56.727205,/home/fet/stimuli/shaping_categories_box5/nonreward/AG_Stim_11.wav,Unrewarded,True,True,0:00:02.734274,False,6.0
1,22,2017-04-13 12:26:59.465721,/home/fet/stimuli/shaping_categories_box5/nonreward/AG_Stim_12.wav,Unrewarded,True,True,0:00:00.163336,False,6.0
1,23,2017-04-13 12:26:59.633702,/home/fet/stimuli/shaping_categories_box5/nonreward/AG_Stim_12.wav,Unrewarded,True,True,0:00:00.126870,False,6.0
1,24,2017-04-13 12:26:59.764331,/home/fet/stimuli/shaping_categories_box5/nonreward/AG_Stim_11.wav,Unrewarded,False,False,nan,False,6.0
1,25,2017-04-13 12:27:19.958368,/home/fet/stimuli/shaping_categories_box5/nonreward/AG_Stim_12.wav,Unrewarded,True,True,0:00:00.112862,False,6.0
1,26,2017-04-13 12:27:20.074889,/home/fet/stimuli/shaping_categories_box5/nonreward/AG_Stim_11.wav,Unrewarded,False,False,nan,False,6.0
1,27,2017-04-13 12:27:42.849552,/home/fet/stimuli/shaping_categories_box5/nonreward/AG_Stim_12.wav,Unrewarded,True,True,0:00:00.227224,False,6.0
1,28,2017-04-13 12:27:43.081137,/home/fet/stimuli/shaping_categories_box5/nonreward/AG_Stim_11.wav,Unrewarded,False,False,nan,False,6.0
1,29,2017-04-13 12:27:55.161591,/home/fet/stimuli/shaping_categories_box5/nonreward/AG_Stim_12.wav,Unrewarded,False,False,nan,False,6.0
1,30,2017-04-13 12:28:44.728778,/home/fet/stimuli/shaping_categories_box5/nonreward/AG_Stim_11.wav,Unrewarded,True,True,0:00:01.431722,False,6.0
1,31,2017-04-13 12:28:46.166565,/home/fet/stimuli/shaping_categories_box5/nonreward/AG_Stim_11.wav,Unrewarded,True,True,0:00:01.203600,False,6.0
1,32,2017-04-13 12:28:47.377122,/home/fet/stimuli/shaping_categories_box5/nonreward/AG_Stim_12.wav,Unrewarded,True,True,0:00:05.065464,False,6.0
1,33,2017-04-13 12:28:52.446541,/home/fet/stimuli/shaping_categories_box5/nonreward/AG_Stim_12.wav,Unrewarded,False,False,nan,False,6.0
1,34,2017-04-13 12:29:19.477588,/home/fet/stimuli/shaping_categories_box5/nonreward/AG_Stim_11.wav,Unrewarded,True,True,0:00:01.464077,False,6.0
1,35,2017-04-13 12:29:20.945860,/home/fet/stimuli/shaping_categories_box5/nonreward/AG_Stim_11.wav,Unrewarded,True,True,0:00:04.984392,False,6.0
1,36,2017-04-13 12:29:25.933947,/home/fet/stimuli/shaping_categories_box5/nonreward/AG_Stim_12.wav,Unrewarded,True,True,0:00:00.906106,False,6.0
1,37,2017-04-13 12:29:26.843485,/home/fet/stimuli/shaping_categories_box5/nonreward/AG_Stim_11.wav,Unrewarded,False,False,nan,False,6.0
1,38,2017-04-13 12:33:23.575022,/home/fet/stimuli/shaping_categories_box5/nonreward/AG_Stim_12.wav,Unrewarded,False,False,nan,False,6.0
1,39,2017-04-13 12:33:30.177503,/home/fet/stimuli/shaping_categories_box5/nonreward/AG_Stim_12.wav,Unrewarded,True,True,0:00:04.536416,False,6.0
1,40,2017-04-13 12:33:34.717425,/home/fet/stimuli/shaping_categories_box5/nonreward/AG_Stim_11.wav,Unrewarded,False,False,nan,False,6.0
1,41,2017-04-13 12:35:25.219356,/home/fet/stimuli/shaping_categories_box5/nonreward/AG_Stim_12.wav,Unrewarded,True,True,0:00:01.212911,False,6.0
1,42,2017-04-13 12:35:26.437073,/home/fet/stimuli/shaping_categories_box5/nonreward/AG_Stim_11.wav,Unrewarded,False,False,nan,False,6.0
1,43,2017-04-13 12:35:35.172447,/home/fet/stimuli/shaping_categories_box5/nonreward/AG_Stim_11.wav,Unrewarded,True,True,0:00:00.171853,False,6.0
1,44,2017-04-13 12:35:35.350150,/home/fet/stimuli/shaping_categories_box5/nonreward/AG_Stim_12.wav,Unrewarded,True,True,0:00:00.106510,False,6.0
1,45,2017-04-13 12:35:35.461256,/home/fet/stimuli/shaping_categories_box5/nonreward/AG_Stim_11.wav,Unrewarded,True,True,0:00:00.151665,False,6.0
1,46,2017-04-13 12:35:35.616149,/home/fet/stimuli/shaping_categories_box5/nonreward/AG_Stim_12.wav,Unrewarded,True,True,0:00:00.148482,False,6.0
1,47,2017-04-13 12:35:35.771914,/home/fet/stimuli/shaping_categories_box5/nonreward/AG_Stim_11.wav,Unrewarded,True,True,0:00:00.144222,False,6.0
1,48,2017-04-13 12:35:35.919721,/home/fet/stimuli/shaping_categories_box5/nonreward/AG_Stim_12.wav,Unrewarded,True,True,0:00:00.066028,False,6.0
1,49,2017-04-13 12:35:35.988910,/home/fet/stimuli/shaping_categories_box5/nonreward/AG_Stim_11.wav,Unrewarded,True,True,0:00:00.164830,False,6.0
1,50,2017-04-13 12:35:36.157377,/home/fet/stimuli/shaping_categories_box5/nonreward/AG_Stim_12.wav,Unrewarded,False,False,nan,False,6.0
1,51,2017-04-13 12:35:50.523947,/home/fet/stimuli/shaping_categories_box5/nonreward/AG_Stim_12.wav,Unrewarded,False,False,nan,False,6.0
1,52,2017-04-13 12:36:45.900776,/home/fet/stimuli/shaping_categories_box5/nonreward/AG_Stim_11.wav,Unrewarded,True,True,0:00:01.143634,False,6.0
1,53,2017-04-13 12:36:47.049017,/home/fet/stimuli/shaping_categories_box5/nonreward/AG_Stim_11.wav,Unrewarded,True,True,0:00:02.970199,False,6.0
1,54,2017-04-13 12:36:50.023516,/home/fet/stimuli/shaping_categories_box5/nonreward/AG_Stim_12.wav,Unrewarded,False,False,nan,False,6.0
1,55,2017-04-13 12:37:22.424405,/home/fet/stimuli/shaping_categories_box5/nonreward/AG_Stim_12.wav,Unrewarded,True,True,0:00:01.680654,False,6.0
1,56,2017-04-13 12:37:24.109707,/home/fet/stimuli/shaping_categories_box5/nonreward/AG_Stim_11.wav,Unrewarded,False,False,nan,False,6.0
1,57,2017-04-13 12:37:48.568508,/home/fet/stimuli/shaping_categories_box5/nonreward/AG_Stim_12.wav,Unrewarded,False,False,nan,False,6.0
1,58,2017-04-13 12:38:08.622119,/home/fet/stimuli/shaping_categories_box5/nonreward/AG_Stim_11.wav,Unrewarded,True,True,0:00:02.660275,False,6.0
1,59,2017-04-13 12:38:11.286247,/home/fet/stimuli/shaping_categories_box5/nonreward/AG_Stim_12.wav,Unrewarded,False,False,nan,False,6.0
1,60,2017-04-13 12:38:23.936877,/home/fet/stimuli/shaping_categories_box5/nonreward/AG_Stim_11.wav,Unrewarded,True,True,0:00:02.299304,False,6.0
1,61,2017-04-13 12:38:26.240883,/home/fet/stimuli/shaping_categories_box5/nonreward/AG_Stim_12.wav,Unrewarded,True,True,0:00:00.172123,False,6.0
1,62,2017-04-13 12:38:26.416221,/home/fet/stimuli/shaping_categories_box5/nonreward/AG_Stim_11.wav,Unrewarded,False,False,nan,False,6.0
1,63,2017-04-13 12:38:57.679439,/home/fet/stimuli/shaping_categories_box5/nonreward/AG_Stim_11.wav,Unrewarded,True,True,0:00:00.320417,False,6.0
1,64,2017-04-13 12:38:58.003910,/home/fet/stimuli/shaping_categories_box5/nonreward/AG_Stim_12.wav,Unrewarded,True,True,0:00:02.254042,False,6.0
1,65,2017-04-13 12:39:00.263043,/home/fet/stimuli/shaping_categories_box5/nonreward/AG_Stim_11.wav,Unrewarded,False,False,nan,False,6.0
1,66,2017-04-13 12:39:06.522278,/home/fet/stimuli/shaping_categories_box5/nonreward/AG_Stim_12.wav,Unrewarded,False,False,nan,False,6.0
1,67,2017-04-13 12:39:41.341702,/home/fet/stimuli/shaping_categories_box5/nonreward/AG_Stim_11.wav,Unrewarded,True,True,0:00:00.158040,False,6.0
1,68,2017-04-13 12:39:41.502902,/home/fet/stimuli/shaping_categories_box5/nonreward/AG_Stim_12.wav,Unrewarded,True,True,0:00:00.107542,False,6.0
1,69,2017-04-13 12:39:41.613822,/home/fet/stimuli/shaping_categories_box5/nonreward/AG_Stim_11.wav,Unrewarded,True,True,0:00:02.768115,False,6.0
1,70,2017-04-13 12:39:44.386266,/home/fet/stimuli/shaping_categories_box5/nonreward/AG_Stim_12.wav,Unrewarded,False,False,nan,False,6.0
1,71,2017-04-13 12:40:00.260946,/home/fet/stimuli/shaping_categories_box5/nonreward/AG_Stim_11.wav,Unrewarded,True,True,0:00:02.684882,False,6.0
1,72,2017-04-13 12:40:02.950761,/home/fet/stimuli/shaping_categories_box5/nonreward/AG_Stim_12.wav,Unrewarded,True,True,0:00:01.595082,False,6.0
1,73,2017-04-13 12:40:04.550525,/home/fet/stimuli/shaping_categories_box5/nonreward/AG_Stim_11.wav,Unrewarded,True,True,0:00:00.091370,False,6.0
1,74,2017-04-13 12:40:04.644871,/home/fet/stimuli/shaping_categories_box5/nonreward/AG_Stim_12.wav,Unrewarded,False,False,nan,False,6.0
1,75,2017-04-13 12:42:07.307422,/home/fet/stimuli/shaping_categories_box5/nonreward/AG_Stim_11.wav,Unrewarded,True,True,0:00:00.254823,False,6.0
1,76,2017-04-13 12:42:07.566464,/home/fet/stimuli/shaping_categories_box5/nonreward/AG_Stim_12.wav,Unrewarded,True,True,0:00:01.381347,False,6.0
1,77,2017-04-13 12:42:08.951047,/home/fet/stimuli/shaping_categories_box5/nonreward/AG_Stim_12.wav,Unrewarded,True,True,0:00:01.601917,False,6.0
1,78,2017-04-13 12:42:10.556611,/home/fet/stimuli/shaping_categories_box5/nonreward/AG_Stim_11.wav,Unrewarded,False,False,nan,False,6.0
1,79,2017-04-13 12:42:18.287888,/home/fet/stimuli/shaping_categories_box5/nonreward/AG_Stim_11.wav,Unrewarded,True,True,0:00:00.345198,False,6.0
1,80,2017-04-13 12:42:18.638195,/home/fet/stimuli/shaping_categories_box5/nonreward/AG_Stim_12.wav,Unrewarded,True,True,0:00:00.101423,False,6.0
1,81,2017-04-13 12:42:18.743724,/home/fet/stimuli/shaping_categories_box5/nonreward/AG_Stim_12.wav,Unrewarded,True,True,0:00:00.144324,False,6.0
1,82,2017-04-13 12:42:18.892429,/home/fet/stimuli/shaping_categories_box5/nonreward/AG_Stim_11.wav,Unrewarded,True,True,0:00:00.859975,False,6.0
1,83,2017-04-13 12:42:19.756254,/home/fet/stimuli/shaping_categories_box5/nonreward/AG_Stim_11.wav,Unrewarded,True,True,0:00:00.077226,False,6.0
1,84,2017-04-13 12:42:19.838164,/home/fet/stimuli/shaping_categories_box5/nonreward/AG_Stim_12.wav,Unrewarded,False,False,nan,False,6.0
1,85,2017-04-13 12:42:26.417806,/home/fet/stimuli/shaping_categories_box5/nonreward/AG_Stim_12.wav,Unrewarded,True,True,0:00:03.211905,False,6.0
1,86,2017-04-13 12:42:29.634582,/home/fet/stimuli/shaping_categories_box5/nonreward/AG_Stim_11.wav,Unrewarded,True,True,0:00:03.251462,False,6.0
1,87,2017-04-13 12:42:32.890029,/home/fet/stimuli/shaping_categories_box5/nonreward/AG_Stim_12.wav,Unrewarded,False,False,nan,False,6.0
1,88,2017-04-13 12:42:56.401906,/home/fet/stimuli/shaping_categories_box5/nonreward/AG_Stim_11.wav,Unrewarded,True,True,0:00:00.104786,False,6.0
1,89,2017-04-13 12:42:56.510138,/home/fet/stimuli/shaping_categories_box5/nonreward/AG_Stim_12.wav,Unrewarded,True,True,0:00:00.090115,False,6.0
1,90,2017-04-13 12:42:56.604074,/home/fet/stimuli/shaping_categories_box5/nonreward/AG_Stim_11.wav,Unrewarded,True,True,0:00:00.181035,False,6.0
1,91,2017-04-13 12:42:56.788102,/home/fet/stimuli/shaping_categories_box5/nonreward/AG_Stim_12.wav,Unrewarded,True,True,0:00:01.474654,False,6.0
1,92,2017-04-13 12:42:58.266886,/home/fet/stimuli/shaping_categories_box5/nonreward/AG_Stim_11.wav,Unrewarded,True,True,0:00:00.058017,False,6.0
1,93,2017-04-13 12:42:58.328393,/home/fet/stimuli/shaping_categories_box5/nonreward/AG_Stim_12.wav,Unrewarded,True,True,0:00:00.123572,False,6.0
1,94,2017-04-13 12:42:58.455555,/home/fet/stimuli/shaping_categories_box5/nonreward/AG_Stim_11.wav,Unrewarded,True,True,0:00:00.076884,False,6.0
1,95,2017-04-13 12:42:58.536966,/home/fet/stimuli/shaping_categories_box5/nonreward/AG_Stim_11.wav,Unrewarded,True,True,0:00:04.772728,False,6.0
1,96,2017-04-13 12:43:03.312575,/home/fet/stimuli/shaping_categories_box5/nonreward/AG_Stim_12.wav,Unrewarded,True,True,0:00:00.156253,False,6.0
1,97,2017-04-13 12:43:03.472969,/home/fet/stimuli/shaping_categories_box5/nonreward/AG_Stim_11.wav,Unrewarded,True,True,0:00:00.114944,False,6.0
1,98,2017-04-13 12:43:03.591526,/home/fet/stimuli/shaping_categories_box5/nonreward/AG_Stim_12.wav,Unrewarded,True,True,0:00:00.131670,False,6.0
1,99,2017-04-13 12:43:03.726140,/home/fet/stimuli/shaping_categories_box5/nonreward/AG_Stim_12.wav,Unrewarded,True,True,0:00:00.136343,False,6.0
1,100,2017-04-13 12:43:03.865487,/home/fet/stimuli/shaping_categories_box5/nonreward/AG_Stim_11.wav,Unrewarded,False,False,nan,False,6.0
1,101,2017-04-13 12:43:10.720364,/home/fet/stimuli/shaping_categories_box5/nonreward/AG_Stim_12.wav,Unrewarded,False,False,nan,False,6.0
1,102,2017-04-13 12:49:08.978178,/home/fet/stimuli/shaping_categories_box5/nonreward/AG_Stim_11.wav,Unrewarded,True,True,0:00:00.096361,False,6.0
1,103,2017-04-13 12:49:09.077785,/home/fet/stimuli/shaping_categories_box5/nonreward/AG_Stim_11.wav,Unrewarded,True,True,0:00:00.070917,False,6.0
1,104,2017-04-13 12:49:09.151633,/home/fet/stimuli/shaping_categories_box5/nonreward/AG_Stim_12.wav,Unrewarded,True,True,0:00:03.985347,False,6.0
1,105,2017-04-13 12:49:13.141092,/home/fet/stimuli/shaping_categories_box5/nonreward/AG_Stim_11.wav,Unrewarded,True,True,0:00:02.044371,False,6.0
1,106,2017-04-13 12:49:15.189255,/home/fet/stimuli/shaping_categories_box5/nonreward/AG_Stim_12.wav,Unrewarded,True,True,0:00:01.479018,False,6.0
1,107,2017-04-13 12:49:16.672148,/home/fet/stimuli/shaping_categories_box5/nonreward/AG_Stim_11.wav,Unrewarded,True,True,0:00:03.256320,False,6.0
1,108,2017-04-13 12:49:19.932450,/home/fet/stimuli/shaping_categories_box5/nonreward/AG_Stim_12.wav,Unrewarded,True,True,0:00:00.134836,False,6.0
1,109,2017-04-13 12:49:20.073145,/home/fet/stimuli/shaping_categories_box5/nonreward/AG_Stim_11.wav,Unrewarded,True,True,0:00:00.960116,False,6.0
1,110,2017-04-13 12:49:21.041789,/home/fet/stimuli/shaping_categories_box5/nonreward/AG_Stim_12.wav,Unrewarded,False,False,nan,False,6.0
1,111,2017-04-13 12:49:27.815009,/home/fet/stimuli/shaping_categories_box5/nonreward/AG_Stim_11.wav,Unrewarded,True,True,0:00:04.997802,False,6.0
1,112,2017-04-13 12:49:32.817243,/home/fet/stimuli/shaping_categories_box5/nonreward/AG_Stim_12.wav,Unrewarded,False,False,nan,False,6.0
1,113,2017-04-13 12:50:26.045125,/home/fet/stimuli/shaping_categories_box5/nonreward/AG_Stim_12.wav,Unrewarded,True,True,0:00:00.102374,False,6.0
1,114,2017-04-13 12:50:26.152552,/home/fet/stimuli/shaping_categories_box5/nonreward/AG_Stim_11.wav,Unrewarded,True,True,0:00:00.193524,False,6.0
1,115,2017-04-13 12:50:26.350020,/home/fet/stimuli/shaping_categories_box5/nonreward/AG_Stim_11.wav,Unrewarded,False,False,nan,False,6.0
1,116,2017-04-13 13:02:52.812515,/home/fet/stimuli/shaping_categories_box5/nonreward/AG_Stim_12.wav,Unrewarded,False,False,nan,False,6.0
1,117,2017-04-13 13:04:08.520523,/home/fet/stimuli/shaping_categories_box5/nonreward/AG_Stim_12.wav,Unrewarded,False,False,nan,False,6.0
1,118,2017-04-13 13:06:05.744651,/home/fet/stimuli/shaping_categories_box5/nonreward/AG_Stim_11.wav,Unrewarded,True,True,0:00:00.079913,False,6.0
1,119,2017-04-13 13:06:05.827836,/home/fet/stimuli/shaping_categories_box5/nonreward/AG_Stim_11.wav,Unrewarded,False,False,nan,False,6.0
1,120,2017-04-13 13:06:54.289108,/home/fet/stimuli/shaping_categories_box5/nonreward/AG_Stim_12.wav,Unrewarded,False,False,nan,False,6.0
1,121,2017-04-13 13:07:36.304870,/home/fet/stimuli/shaping_categories_box5/nonreward/AG_Stim_11.wav,Unrewarded,False,False,nan,False,6.0
1,122,2017-04-13 13:07:50.423293,/home/fet/stimuli/shaping_categories_box5/nonreward/AG_Stim_12.wav,Unrewarded,False,False,nan,False,6.0
1,123,2017-04-13 13:08:43.563417,/home/fet/stimuli/shaping_categories_box5/nonreward/AG_Stim_11.wav,Unrewarded,False,False,nan,False,6.0
1,124,2017-04-13 13:08:57.681932,/home/fet/stimuli/shaping_categories_box5/nonreward/AG_Stim_12.wav,Unrewarded,True,True,0:00:00.350865,False,6.0
1,125,2017-04-13 13:08:58.036289,/home/fet/stimuli/shaping_categories_box5/nonreward/AG_Stim_12.wav,Unrewarded,False,False,nan,False,6.0
1,126,2017-04-13 13:09:13.037420,/home/fet/stimuli/shaping_categories_box5/nonreward/AG_Stim_11.wav,Unrewarded,True,True,0:00:00.131986,False,6.0
1,127,2017-04-13 13:09:13.174865,/home/fet/stimuli/shaping_categories_box5/nonreward/AG_Stim_12.wav,Unrewarded,True,True,0:00:01.962097,False,6.0
1,128,2017-04-13 13:09:15.141356,/home/fet/stimuli/shaping_categories_box5/nonreward/AG_Stim_11.wav,Unrewarded,True,True,0:00:00.093413,False,6.0
1,129,2017-04-13 13:09:15.239338,/home/fet/stimuli/shaping_categories_box5/nonreward/AG_Stim_11.wav,Unrewarded,True,True,0:00:00.138008,False,6.0
1,130,2017-04-13 13:09:15.381608,/home/fet/stimuli/shaping_categories_box5/nonreward/AG_Stim_12.wav,Unrewarded,False,False,nan,False,6.0
1,131,2017-04-13 13:09:52.366190,/home/fet/stimuli/shaping_categories_box5/nonreward/AG_Stim_12.wav,Unrewarded,False,False,nan,False,6.0
1,132,2017-04-13 13:10:01.381221,/home/fet/stimuli/shaping_categories_box5/nonreward/AG_Stim_11.wav,Unrewarded,True,True,0:00:00.115994,False,6.0
1,133,2017-04-13 13:10:01.501403,/home/fet/stimuli/shaping_categories_box5/nonreward/AG_Stim_11.wav,Unrewarded,False,False,nan,False,6.0
1,134,2017-04-13 13:10:16.126433,/home/fet/stimuli/shaping_categories_box5/nonreward/AG_Stim_12.wav,Unrewarded,False,False,nan,False,6.0
1,135,2017-04-13 13:10:46.214929,/home/fet/stimuli/shaping_categories_box5/nonreward/AG_Stim_12.wav,Unrewarded,False,False,nan,False,6.0
1,136,2017-04-13 13:10:56.114609,/home/fet/stimuli/shaping_categories_box5/nonreward/AG_Stim_11.wav,Unrewarded,False,False,nan,False,6.0
1,137,2017-04-13 13:11:52.904424,/home/fet/stimuli/shaping_categories_box5/nonreward/AG_Stim_12.wav,Unrewarded,False,False,nan,False,6.0
1,138,2017-04-13 13:12:00.862521,/home/fet/stimuli/shaping_categories_box5/nonreward/AG_Stim_11.wav,Unrewarded,True,True,0:00:03.914031,False,6.0
1,139,2017-04-13 13:12:04.779630,/home/fet/stimuli/shaping_categories_box5/nonreward/AG_Stim_11.wav,Unrewarded,False,False,nan,False,6.0
1,140,2017-04-13 13:12:22.873922,/home/fet/stimuli/shaping_categories_box5/nonreward/AG_Stim_12.wav,Unrewarded,False,False,nan,False,6.0
1,141,2017-04-13 13:12:44.934508,/home/fet/stimuli/shaping_categories_box5/nonreward/AG_Stim_12.wav,Unrewarded,False,False,nan,False,6.0
1,142,2017-04-13 13:12:54.731765,/home/fet/stimuli/shaping_categories_box5/nonreward/AG_Stim_11.wav,Unrewarded,False,False,nan,False,6.0
1,143,2017-04-13 13:13:04.860943,/home/fet/stimuli/shaping_categories_box5/nonreward/AG_Stim_11.wav,Unrewarded,True,True,0:00:01.279391,False,6.0
1,144,2017-04-13 13:13:06.144537,/home/fet/stimuli/shaping_categories_box5/nonreward/AG_Stim_12.wav,Unrewarded,False,False,nan,False,6.0
1,145,2017-04-13 13:13:37.820791,/home/fet/stimuli/shaping_categories_box5/nonreward/AG_Stim_12.wav,Unrewarded,False,False,nan,False,6.0
1,146,2017-04-13 13:13:56.432508,/home/fet/stimuli/shaping_categories_box5/nonreward/AG_Stim_11.wav,Unrewarded,True,True,0:00:02.360649,False,6.0
1,147,2017-04-13 13:13:58.797736,/home/fet/stimuli/shaping_categories_box5/nonreward/AG_Stim_11.wav,Unrewarded,True,True,0:00:03.600370,False,6.0
1,148,2017-04-13 13:14:02.401430,/home/fet/stimuli/shaping_categories_box5/nonreward/AG_Stim_12.wav,Unrewarded,False,False,nan,False,6.0
1,149,2017-04-13 13:14:12.742311,/home/fet/stimuli/shaping_categories_box5/nonreward/AG_Stim_11.wav,Unrewarded,False,False,nan,False,6.0
1,150,2017-04-13 13:15:05.450215,/home/fet/stimuli/shaping_categories_box5/nonreward/AG_Stim_12.wav,Unrewarded,False,False,nan,False,6.0
1,151,2017-04-13 13:15:17.633915,/home/fet/stimuli/shaping_categories_box5/nonreward/AG_Stim_11.wav,Unrewarded,True,True,0:00:00.104438,False,6.0
1,152,2017-04-13 13:15:17.741638,/home/fet/stimuli/shaping_categories_box5/nonreward/AG_Stim_12.wav,Unrewarded,True,True,0:00:00.218086,False,6.0
1,153,2017-04-13 13:15:17.963884,/home/fet/stimuli/shaping_categories_box5/nonreward/AG_Stim_11.wav,Unrewarded,False,False,nan,False,6.0
1,154,2017-04-13 13:15:29.035454,/home/fet/stimuli/shaping_categories_box5/nonreward/AG_Stim_12.wav,Unrewarded,False,False,nan,False,6.0
1,155,2017-04-13 13:15:38.880865,/home/fet/stimuli/shaping_categories_box5/nonreward/AG_Stim_12.wav,Unrewarded,False,False,nan,False,6.0
1,156,2017-04-13 13:16:20.572283,/home/fet/stimuli/shaping_categories_box5/nonreward/AG_Stim_11.wav,Unrewarded,False,False,nan,False,6.0
1,157,2017-04-13 13:16:29.885206,/home/fet/stimuli/shaping_categories_box5/nonreward/AG_Stim_11.wav,Unrewarded,False,False,nan,False,6.0
1,158,2017-04-13 13:17:32.566238,/home/fet/stimuli/shaping_categories_box5/nonreward/AG_Stim_12.wav,Unrewarded,True,True,0:00:00.100710,False,6.0
1,159,2017-04-13 13:17:32.673717,/home/fet/stimuli/shaping_categories_box5/nonreward/AG_Stim_11.wav,Unrewarded,True,True,0:00:01.868643,False,6.0
1,160,2017-04-13 13:17:34.549786,/home/fet/stimuli/shaping_categories_box5/nonreward/AG_Stim_12.wav,Unrewarded,False,False,nan,False,6.0
1,161,2017-04-13 13:17:43.296489,/home/fet/stimuli/shaping_categories_box5/nonreward/AG_Stim_12.wav,Unrewarded,False,False,nan,False,6.0
1,162,2017-04-13 13:17:57.053235,/home/fet/stimuli/shaping_categories_box5/nonreward/AG_Stim_11.wav,Unrewarded,False,False,nan,False,6.0
1,163,2017-04-13 13:21:56.603128,/home/fet/stimuli/shaping_categories_box5/nonreward/AG_Stim_11.wav,Unrewarded,False,False,nan,False,6.0
1,164,2017-04-13 13:22:49.535165,/home/fet/stimuli/shaping_categories_box5/nonreward/AG_Stim_12.wav,Unrewarded,False,False,nan,False,6.0
1,165,2017-04-13 13:23:00.937469,/home/fet/stimuli/shaping_categories_box5/nonreward/AG_Stim_12.wav,Unrewarded,False,False,nan,False,6.0
1,166,2017-04-13 13:23:27.243938,/home/fet/stimuli/shaping_categories_box5/nonreward/AG_Stim_11.wav,Unrewarded,False,False,nan,False,6.0
1,167,2017-04-13 13:25:24.007649,/home/fet/stimuli/shaping_categories_box5/nonreward/AG_Stim_11.wav,Unrewarded,False,False,nan,False,6.0
1,168,2017-04-13 13:25:31.933149,/home/fet/stimuli/shaping_categories_box5/nonreward/AG_Stim_12.wav,Unrewarded,True,True,0:00:04.666077,False,6.0
1,169,2017-04-13 13:25:36.603300,/home/fet/stimuli/shaping_categories_box5/nonreward/AG_Stim_12.wav,Unrewarded,True,True,0:00:00.259015,False,6.0
1,170,2017-04-13 13:25:36.866028,/home/fet/stimuli/shaping_categories_box5/nonreward/AG_Stim_11.wav,Unrewarded,False,False,nan,False,6.0
1,171,2017-04-13 13:25:50.498678,/home/fet/stimuli/shaping_categories_box5/nonreward/AG_Stim_12.wav,Unrewarded,True,True,0:00:00.936153,False,6.0
1,172,2017-04-13 13:25:51.437909,/home/fet/stimuli/shaping_categories_box5/nonreward/AG_Stim_11.wav,Unrewarded,True,True,0:00:00.074598,False,6.0
1,173,2017-04-13 13:25:51.516073,/home/fet/stimuli/shaping_categories_box5/nonreward/AG_Stim_11.wav,Unrewarded,False,False,nan,False,6.0
1,174,2017-04-13 13:26:18.357635,/home/fet/stimuli/shaping_categories_box5/nonreward/AG_Stim_12.wav,Unrewarded,False,False,nan,False,6.0
1,175,2017-04-13 13:26:29.051605,/home/fet/stimuli/shaping_categories_box5/nonreward/AG_Stim_12.wav,Unrewarded,False,False,nan,False,6.0
1,176,2017-04-13 13:26:39.786563,/home/fet/stimuli/shaping_categories_box5/nonreward/AG_Stim_11.wav,Unrewarded,False,False,nan,False,6.0
1,177,2017-04-13 13:26:54.858657,/home/fet/stimuli/shaping_categories_box5/nonreward/AG_Stim_11.wav,Unrewarded,True,True,0:00:00.543102,False,6.0
1,178,2017-04-13 13:26:55.405071,/home/fet/stimuli/shaping_categories_box5/nonreward/AG_Stim_12.wav,Unrewarded,True,True,0:00:00.103158,False,6.0
1,179,2017-04-13 13:26:55.511054,/home/fet/stimuli/shaping_categories_box5/nonreward/AG_Stim_12.wav,Unrewarded,True,True,0:00:00.111667,False,6.0
1,180,2017-04-13 13:26:55.625931,/home/fet/stimuli/shaping_categories_box5/nonreward/AG_Stim_11.wav,Unrewarded,True,True,0:00:02.073533,False,6.0
1,181,2017-04-13 13:26:57.705005,/home/fet/stimuli/shaping_categories_box5/nonreward/AG_Stim_11.wav,Unrewarded,True,True,0:00:00.264780,False,6.0
1,182,2017-04-13 13:26:57.973150,/home/fet/stimuli/shaping_categories_box5/nonreward/AG_Stim_12.wav,Unrewarded,True,True,0:00:01.131032,False,6.0
1,183,2017-04-13 13:26:59.107732,/home/fet/stimuli/shaping_categories_box5/nonreward/AG_Stim_12.wav,Unrewarded,True,True,0:00:01.277931,False,6.0
1,184,2017-04-13 13:27:00.389271,/home/fet/stimuli/shaping_categories_box5/nonreward/AG_Stim_11.wav,Unrewarded,True,True,0:00:05.390981,False,6.0
1,185,2017-04-13 13:27:05.784469,/home/fet/stimuli/shaping_categories_box5/nonreward/AG_Stim_11.wav,Unrewarded,True,True,0:00:00.081622,False,6.0
1,186,2017-04-13 13:27:05.869459,/home/fet/stimuli/shaping_categories_box5/nonreward/AG_Stim_12.wav,Unrewarded,True,True,0:00:00.136226,False,6.0
1,187,2017-04-13 13:27:06.008577,/home/fet/stimuli/shaping_categories_box5/nonreward/AG_Stim_11.wav,Unrewarded,True,True,0:00:00.717780,False,6.0
1,188,2017-04-13 13:27:06.729390,/home/fet/stimuli/shaping_categories_box5/nonreward/AG_Stim_12.wav,Unrewarded,False,False,nan,False,6.0
1,189,2017-04-13 13:27:44.191766,/home/fet/stimuli/shaping_categories_box5/nonreward/AG_Stim_12.wav,Unrewarded,True,True,0:00:01.648702,False,6.0
1,190,2017-04-13 13:27:45.843607,/home/fet/stimuli/shaping_categories_box5/nonreward/AG_Stim_11.wav,Unrewarded,False,False,nan,False,6.0
1,191,2017-04-13 13:29:26.831163,/home/fet/stimuli/shaping_categories_box5/nonreward/AG_Stim_12.wav,Unrewarded,False,False,nan,False,6.0
1,192,2017-04-13 13:29:45.765702,/home/fet/stimuli/shaping_categories_box5/nonreward/AG_Stim_11.wav,Unrewarded,False,False,nan,False,6.0
1,193,2017-04-13 13:30:08.100055,/home/fet/stimuli/shaping_categories_box5/nonreward/AG_Stim_11.wav,Unrewarded,False,False,nan,False,6.0
1,194,2017-04-13 13:30:33.682240,/home/fet/stimuli/shaping_categories_box5/nonreward/AG_Stim_12.wav,Unrewarded,False,False,nan,False,6.0
1,195,2017-04-13 13:30:46.989192,/home/fet/stimuli/shaping_categories_box5/nonreward/AG_Stim_11.wav,Unrewarded,False,False,nan,False,6.0
1,196,2017-04-13 13:31:38.739201,/home/fet/stimuli/shaping_categories_box5/nonreward/AG_Stim_12.wav,Unrewarded,False,False,nan,False,6.0
1,197,2017-04-13 13:32:02.810107,/home/fet/stimuli/shaping_categories_box5/nonreward/AG_Stim_11.wav,Unrewarded,True,True,0:00:05.285247,False,6.0
1,198,2017-04-13 13:32:08.098843,/home/fet/stimuli/shaping_categories_box5/nonreward/AG_Stim_12.wav,Unrewarded,False,False,nan,False,6.0
1,199,2017-04-13 13:32:26.872725,/home/fet/stimuli/shaping_categories_box5/nonreward/AG_Stim_12.wav,Unrewarded,False,False,nan,False,6.0
1,200,2017-04-13 13:32:40.282393,/home/fet/stimuli/shaping_categories_box5/nonreward/AG_Stim_11.wav,Unrewarded,True,True,0:00:00.104256,False,6.0
1,201,2017-04-13 13:32:40.390113,/home/fet/stimuli/shaping_categories_box5/nonreward/AG_Stim_12.wav,Unrewarded,True,True,0:00:00.136304,False,6.0
1,202,2017-04-13 13:32:40.532675,/home/fet/stimuli/shaping_categories_box5/nonreward/AG_Stim_11.wav,Unrewarded,True,True,0:00:00.080570,False,6.0
1,203,2017-04-13 13:32:40.619459,/home/fet/stimuli/shaping_categories_box5/nonreward/AG_Stim_11.wav,Unrewarded,True,True,0:00:00.205747,False,6.0
1,204,2017-04-13 13:32:40.828680,/home/fet/stimuli/shaping_categories_box5/nonreward/AG_Stim_12.wav,Unrewarded,True,True,0:00:00.183565,False,6.0
1,205,2017-04-13 13:32:41.017954,/home/fet/stimuli/shaping_categories_box5/nonreward/AG_Stim_12.wav,Unrewarded,True,True,0:00:00.163169,False,6.0
1,206,2017-04-13 13:32:41.184748,/home/fet/stimuli/shaping_categories_box5/nonreward/AG_Stim_11.wav,Unrewarded,True,True,0:00:00.230087,False,6.0
1,207,2017-04-13 13:32:41.418291,/home/fet/stimuli/shaping_categories_box5/nonreward/AG_Stim_11.wav,Unrewarded,False,False,nan,False,6.0
1,208,2017-04-13 13:38:22.387588,/home/fet/stimuli/shaping_categories_box5/nonreward/AG_Stim_12.wav,Unrewarded,False,False,nan,False,6.0
1,209,2017-04-13 13:39:28.719398,/home/fet/stimuli/shaping_categories_box5/nonreward/AG_Stim_11.wav,Unrewarded,False,False,nan,False,6.0
1,210,2017-04-13 13:39:40.822384,/home/fet/stimuli/shaping_categories_box5/nonreward/AG_Stim_12.wav,Unrewarded,True,True,0:00:00.096290,False,6.0
1,211,2017-04-13 13:39:40.922134,/home/fet/stimuli/shaping_categories_box5/nonreward/AG_Stim_12.wav,Unrewarded,True,True,0:00:00.070221,False,6.0
1,212,2017-04-13 13:39:40.995677,/home/fet/stimuli/shaping_categories_box5/nonreward/AG_Stim_11.wav,Unrewarded,True,True,0:00:00.754740,False,6.0
1,213,2017-04-13 13:39:41.753537,/home/fet/stimuli/shaping_categories_box5/nonreward/AG_Stim_12.wav,Unrewarded,True,True,0:00:00.095138,False,6.0
1,214,2017-04-13 13:39:41.852293,/home/fet/stimuli/shaping_categories_box5/nonreward/AG_Stim_11.wav,Unrewarded,True,True,0:00:00.107079,False,6.0
1,215,2017-04-13 13:39:41.962193,/home/fet/stimuli/shaping_categories_box5/nonreward/AG_Stim_11.wav,Unrewarded,True,True,0:00:01.106935,False,6.0
1,216,2017-04-13 13:39:43.072360,/home/fet/stimuli/shaping_categories_box5/nonreward/AG_Stim_12.wav,Unrewarded,False,False,nan,False,6.0
1,217,2017-04-13 13:39:50.191316,/home/fet/stimuli/shaping_categories_box5/nonreward/AG_Stim_11.wav,Unrewarded,True,True,0:00:00.096749,False,6.0
1,218,2017-04-13 13:39:50.293105,/home/fet/stimuli/shaping_categories_box5/nonreward/AG_Stim_12.wav,Unrewarded,True,True,0:00:02.782176,False,6.0
1,219,2017-04-13 13:39:53.079242,/home/fet/stimuli/shaping_categories_box5/nonreward/AG_Stim_11.wav,Unrewarded,False,False,nan,False,6.0
1,220,2017-04-13 13:40:01.399696,/home/fet/stimuli/shaping_categories_box5/nonreward/AG_Stim_12.wav,Unrewarded,True,True,0:00:00.092565,False,6.0
1,221,2017-04-13 13:40:01.495773,/home/fet/stimuli/shaping_categories_box5/nonreward/AG_Stim_11.wav,Unrewarded,False,False,nan,False,6.0
1,222,2017-04-13 13:40:11.631081,/home/fet/stimuli/shaping_categories_box5/nonreward/AG_Stim_12.wav,Unrewarded,False,False,nan,False,6.0
1,223,2017-04-13 13:40:19.470717,/home/fet/stimuli/shaping_categories_box5/nonreward/AG_Stim_12.wav,Unrewarded,True,True,0:00:00.095489,False,6.0
1,224,2017-04-13 13:40:19.570973,/home/fet/stimuli/shaping_categories_box5/nonreward/AG_Stim_11.wav,Unrewarded,True,True,0:00:00.060606,False,6.0
1,225,2017-04-13 13:40:19.636148,/home/fet/stimuli/shaping_categories_box5/nonreward/AG_Stim_12.wav,Unrewarded,True,True,0:00:00.081432,False,6.0
1,226,2017-04-13 13:40:19.722797,/home/fet/stimuli/shaping_categories_box5/nonreward/AG_Stim_11.wav,Unrewarded,True,True,0:00:00.118661,False,6.0
1,227,2017-04-13 13:40:19.844384,/home/fet/stimuli/shaping_categories_box5/nonreward/AG_Stim_12.wav,Unrewarded,True,True,0:00:00.177876,False,6.0
1,228,2017-04-13 13:40:20.025855,/home/fet/stimuli/shaping_categories_box5/nonreward/AG_Stim_11.wav,Unrewarded,True,True,0:00:03.092181,False,6.0
1,229,2017-04-13 13:40:23.121435,/home/fet/stimuli/shaping_categories_box5/nonreward/AG_Stim_11.wav,Unrewarded,True,True,0:00:01.311336,False,6.0
1,230,2017-04-13 13:40:24.437369,/home/fet/stimuli/shaping_categories_box5/nonreward/AG_Stim_12.wav,Unrewarded,False,False,nan,False,6.0
1,231,2017-04-13 13:40:32.667483,/home/fet/stimuli/shaping_categories_box5/nonreward/AG_Stim_11.wav,Unrewarded,True,True,0:00:00.775457,False,6.0
1,232,2017-04-13 13:40:33.446954,/home/fet/stimuli/shaping_categories_box5/nonreward/AG_Stim_12.wav,Unrewarded,False,False,nan,False,6.0
1,233,2017-04-13 13:41:14.960562,/home/fet/stimuli/shaping_categories_box5/nonreward/AG_Stim_11.wav,Unrewarded,True,True,0:00:02.173148,False,6.0
1,234,2017-04-13 13:41:17.137607,/home/fet/stimuli/shaping_categories_box5/nonreward/AG_Stim_12.wav,Unrewarded,True,True,0:00:00.728814,False,6.0
1,235,2017-04-13 13:41:17.870727,/home/fet/stimuli/shaping_categories_box5/nonreward/AG_Stim_11.wav,Unrewarded,True,True,0:00:01.019944,False,6.0
1,236,2017-04-13 13:41:18.894024,/home/fet/stimuli/shaping_categories_box5/nonreward/AG_Stim_12.wav,Unrewarded,False,False,nan,False,6.0
1,237,2017-04-13 13:41:46.392083,/home/fet/stimuli/shaping_categories_box5/nonreward/AG_Stim_11.wav,Unrewarded,True,True,0:00:00.132948,False,6.0
1,238,2017-04-13 13:41:46.528759,/home/fet/stimuli/shaping_categories_box5/nonreward/AG_Stim_12.wav,Unrewarded,True,True,0:00:01.569436,False,6.0
1,239,2017-04-13 13:41:48.101069,/home/fet/stimuli/shaping_categories_box5/nonreward/AG_Stim_11.wav,Unrewarded,True,True,0:00:03.052507,False,6.0
1,240,2017-04-13 13:41:51.157622,/home/fet/stimuli/shaping_categories_box5/nonreward/AG_Stim_12.wav,Unrewarded,False,False,nan,False,6.0
1,241,2017-04-13 13:44:24.711695,/home/fet/stimuli/shaping_categories_box5/nonreward/AG_Stim_11.wav,Unrewarded,True,True,0:00:01.718545,False,6.0
1,242,2017-04-13 13:44:26.433270,/home/fet/stimuli/shaping_categories_box5/nonreward/AG_Stim_12.wav,Unrewarded,True,True,0:00:01.532286,False,6.0
1,243,2017-04-13 13:44:27.970200,/home/fet/stimuli/shaping_categories_box5/nonreward/AG_Stim_12.wav,Unrewarded,True,True,0:00:00.568895,False,6.0
1,244,2017-04-13 13:44:28.542619,/home/fet/stimuli/shaping_categories_box5/nonreward/AG_Stim_11.wav,Unrewarded,True,True,0:00:00.083128,False,6.0
1,245,2017-04-13 13:44:28.628761,/home/fet/stimuli/shaping_categories_box5/nonreward/AG_Stim_11.wav,Unrewarded,True,True,0:00:00.099269,False,6.0
1,246,2017-04-13 13:44:28.731044,/home/fet/stimuli/shaping_categories_box5/nonreward/AG_Stim_12.wav,Unrewarded,True,True,0:00:02.912654,False,6.0
1,247,2017-04-13 13:44:31.647432,/home/fet/stimuli/shaping_categories_box5/nonreward/AG_Stim_11.wav,Unrewarded,False,False,nan,False,6.0
1,248,2017-04-13 13:45:25.071951,/home/fet/stimuli/shaping_categories_box5/nonreward/AG_Stim_12.wav,Unrewarded,False,False,nan,False,6.0
1,249,2017-04-13 13:46:23.429488,/home/fet/stimuli/shaping_categories_box5/nonreward/AG_Stim_12.wav,Unrewarded,False,False,nan,False,6.0
